Username,Password
harry3,passkey12345
john2,pikapower3
jane55,christmas2
sal12,halloween45
dan2,4beer29
carrie1,popstar69
hal8,iliketurtles1
siri1,comfychair56
jose99,popcorn0hug
betsy,bellydancer64
jill123,checkers3town
great1337,66leagueonline3
sandy77,laceleggings87
calzone96,norway32
andrew1,drewman66
chewy8,han1solo
lunalovegood,harryismyprince
pleasant1,drums2345
starwarsfan119,kiasorento910
kyle9,gym56buff
sydney1,pokemon90
kat74,iliketortugas
hermione6,iluvharry2
potterfan5eva,granger199
sarah9,red6elefant
